City,Date,No_of_bedrooms,AvgSale_Price
Los-Angeles,1/31/1996,1,110016
Los-Angeles,2/29/1996,1,110090
Los-Angeles,3/31/1996,1,110050
Los-Angeles,4/30/1996,1,109997
Los-Angeles,5/31/1996,1,109891
Los-Angeles,6/30/1996,1,109828
Los-Angeles,7/31/1996,1,109781
Los-Angeles,8/31/1996,1,109544
Los-Angeles,9/30/1996,1,109217
Los-Angeles,10/31/1996,1,108871
Los-Angeles,11/30/1996,1,108699
Los-Angeles,12/31/1996,1,108542
Los-Angeles,1/31/1997,1,108161
Los-Angeles,2/28/1997,1,107610
Los-Angeles,3/31/1997,1,107197
Los-Angeles,4/30/1997,1,107032
Los-Angeles,5/31/1997,1,106967
Los-Angeles,6/30/1997,1,106858
Los-Angeles,7/31/1997,1,106947
Los-Angeles,8/31/1997,1,107350
Los-Angeles,9/30/1997,1,107923
Los-Angeles,10/31/1997,1,108504
Los-Angeles,11/30/1997,1,108954
Los-Angeles,12/31/1997,1,109628
Los-Angeles,1/31/1998,1,110657
Los-Angeles,2/28/1998,1,111907
Los-Angeles,3/31/1998,1,113129
Los-Angeles,4/30/1998,1,114179
Los-Angeles,5/31/1998,1,115318
Los-Angeles,6/30/1998,1,116455
Los-Angeles,7/31/1998,1,117327
Los-Angeles,8/31/1998,1,118433
Los-Angeles,9/30/1998,1,119674
Los-Angeles,10/31/1998,1,121047
Los-Angeles,11/30/1998,1,122276
Los-Angeles,12/31/1998,1,123172
Los-Angeles,1/31/1999,1,124267
Los-Angeles,2/28/1999,1,125496
Los-Angeles,3/31/1999,1,126742
Los-Angeles,4/30/1999,1,127895
Los-Angeles,5/31/1999,1,128958
Los-Angeles,6/30/1999,1,130314
Los-Angeles,7/31/1999,1,131722
Los-Angeles,8/31/1999,1,132559
Los-Angeles,9/30/1999,1,133246
Los-Angeles,10/31/1999,1,134160
Los-Angeles,11/30/1999,1,135480
Los-Angeles,12/31/1999,1,136999
Los-Angeles,1/31/2000,1,138249
Los-Angeles,2/29/2000,1,139454
Los-Angeles,3/31/2000,1,140765
Los-Angeles,4/30/2000,1,142247
Los-Angeles,5/31/2000,1,143838
Los-Angeles,6/30/2000,1,145354
Los-Angeles,7/31/2000,1,146929
Los-Angeles,8/31/2000,1,148783
Los-Angeles,9/30/2000,1,150633
Los-Angeles,10/31/2000,1,152259
Los-Angeles,11/30/2000,1,153773
Los-Angeles,12/31/2000,1,155380
Los-Angeles,1/31/2001,1,157023
Los-Angeles,2/28/2001,1,158728
Los-Angeles,3/31/2001,1,160418
Los-Angeles,4/30/2001,1,162355
Los-Angeles,5/31/2001,1,164194
Los-Angeles,6/30/2001,1,166037
Los-Angeles,7/31/2001,1,167673
Los-Angeles,8/31/2001,1,169352
Los-Angeles,9/30/2001,1,171052
Los-Angeles,10/31/2001,1,173082
Los-Angeles,11/30/2001,1,175040
Los-Angeles,12/31/2001,1,177055
Los-Angeles,1/31/2002,1,179089
Los-Angeles,2/28/2002,1,181339
Los-Angeles,3/31/2002,1,183683
Los-Angeles,4/30/2002,1,186147
Los-Angeles,5/31/2002,1,188559
Los-Angeles,6/30/2002,1,191340
Los-Angeles,7/31/2002,1,194534
Los-Angeles,8/31/2002,1,197957
Los-Angeles,9/30/2002,1,201391
Los-Angeles,10/31/2002,1,204871
Los-Angeles,11/30/2002,1,208718
Los-Angeles,12/31/2002,1,212600
Los-Angeles,1/31/2003,1,216076
Los-Angeles,2/28/2003,1,219250
Los-Angeles,3/31/2003,1,222452
Los-Angeles,4/30/2003,1,225595
Los-Angeles,5/31/2003,1,228897
Los-Angeles,6/30/2003,1,231811
Los-Angeles,7/31/2003,1,235489
Los-Angeles,8/31/2003,1,239691
Los-Angeles,9/30/2003,1,244386
Los-Angeles,10/31/2003,1,248628
Los-Angeles,11/30/2003,1,253500
Los-Angeles,12/31/2003,1,258463
Los-Angeles,1/31/2004,1,264534
Los-Angeles,2/29/2004,1,270613
Los-Angeles,3/31/2004,1,277152
Los-Angeles,4/30/2004,1,284193
Los-Angeles,5/31/2004,1,292404
Los-Angeles,6/30/2004,1,300842
Los-Angeles,7/31/2004,1,308243
Los-Angeles,8/31/2004,1,314302
Los-Angeles,9/30/2004,1,320375
Los-Angeles,10/31/2004,1,326410
Los-Angeles,11/30/2004,1,331519
Los-Angeles,12/31/2004,1,336507
Los-Angeles,1/31/2005,1,341075
Los-Angeles,2/28/2005,1,346569
Los-Angeles,3/31/2005,1,351928
Los-Angeles,4/30/2005,1,357106
Los-Angeles,5/31/2005,1,361220
Los-Angeles,6/30/2005,1,365298
Los-Angeles,7/31/2005,1,370506
Los-Angeles,8/31/2005,1,376262
Los-Angeles,9/30/2005,1,382371
Los-Angeles,10/31/2005,1,388302
Los-Angeles,11/30/2005,1,393108
Los-Angeles,12/31/2005,1,397637
Los-Angeles,1/31/2006,1,401314
Los-Angeles,2/28/2006,1,404621
Los-Angeles,3/31/2006,1,407685
Los-Angeles,4/30/2006,1,410178
Los-Angeles,5/31/2006,1,413112
Los-Angeles,6/30/2006,1,415064
Los-Angeles,7/31/2006,1,415824
Los-Angeles,8/31/2006,1,416590
Los-Angeles,9/30/2006,1,415530
Los-Angeles,10/31/2006,1,415261
Los-Angeles,11/30/2006,1,414651
Los-Angeles,12/31/2006,1,414871
Los-Angeles,1/31/2007,1,414328
Los-Angeles,2/28/2007,1,413374
Los-Angeles,3/31/2007,1,412121
Los-Angeles,4/30/2007,1,411513
Los-Angeles,5/31/2007,1,409980
Los-Angeles,6/30/2007,1,408359
Los-Angeles,7/31/2007,1,405208
Los-Angeles,8/31/2007,1,400982
Los-Angeles,9/30/2007,1,395858
Los-Angeles,10/31/2007,1,390554
Los-Angeles,11/30/2007,1,386745
Los-Angeles,12/31/2007,1,382424
Los-Angeles,1/31/2008,1,377813
Los-Angeles,2/29/2008,1,371469
Los-Angeles,3/31/2008,1,364037
Los-Angeles,4/30/2008,1,355596
Los-Angeles,5/31/2008,1,346842
Los-Angeles,6/30/2008,1,340520
Los-Angeles,7/31/2008,1,335002
Los-Angeles,8/31/2008,1,329752
Los-Angeles,9/30/2008,1,324752
Los-Angeles,10/31/2008,1,318910
Los-Angeles,11/30/2008,1,312406
Los-Angeles,12/31/2008,1,303738
Los-Angeles,1/31/2009,1,298405
Los-Angeles,2/28/2009,1,294896
Los-Angeles,3/31/2009,1,292343
Los-Angeles,4/30/2009,1,288257
Los-Angeles,5/31/2009,1,284604
Los-Angeles,6/30/2009,1,280075
Los-Angeles,7/31/2009,1,276367
Los-Angeles,8/31/2009,1,274215
Los-Angeles,9/30/2009,1,273809
Los-Angeles,10/31/2009,1,273994
Los-Angeles,11/30/2009,1,274193
Los-Angeles,12/31/2009,1,275782
Los-Angeles,1/31/2010,1,274435
Los-Angeles,2/28/2010,1,271893
Los-Angeles,3/31/2010,1,269851
Los-Angeles,4/30/2010,1,270030
Los-Angeles,5/31/2010,1,271154
Los-Angeles,6/30/2010,1,269632
Los-Angeles,7/31/2010,1,267539
Los-Angeles,8/31/2010,1,264638
Los-Angeles,9/30/2010,1,261672
Los-Angeles,10/31/2010,1,258724
Los-Angeles,11/30/2010,1,254906
Los-Angeles,12/31/2010,1,252189
Los-Angeles,1/31/2011,1,250303
Los-Angeles,2/28/2011,1,249320
Los-Angeles,3/31/2011,1,247432
Los-Angeles,4/30/2011,1,245027
Los-Angeles,5/31/2011,1,241372
Los-Angeles,6/30/2011,1,240027
Los-Angeles,7/31/2011,1,238877
Los-Angeles,8/31/2011,1,237636
Los-Angeles,9/30/2011,1,235614
Los-Angeles,10/31/2011,1,233355
Los-Angeles,11/30/2011,1,232863
Los-Angeles,12/31/2011,1,231720
Los-Angeles,1/31/2012,1,230839
Los-Angeles,2/29/2012,1,229612
Los-Angeles,3/31/2012,1,228909
Los-Angeles,4/30/2012,1,228696
Los-Angeles,5/31/2012,1,229485
Los-Angeles,6/30/2012,1,230526
Los-Angeles,7/31/2012,1,232180
Los-Angeles,8/31/2012,1,233766
Los-Angeles,9/30/2012,1,235914
Los-Angeles,10/31/2012,1,239199
Los-Angeles,11/30/2012,1,242258
Los-Angeles,12/31/2012,1,246284
Los-Angeles,1/31/2013,1,250107
Los-Angeles,2/28/2013,1,255675
Los-Angeles,3/31/2013,1,261804
Los-Angeles,4/30/2013,1,268729
Los-Angeles,5/31/2013,1,274918
Los-Angeles,6/30/2013,1,281072
Los-Angeles,7/31/2013,1,286654
Los-Angeles,8/31/2013,1,293500
Los-Angeles,9/30/2013,1,299674
Los-Angeles,10/31/2013,1,304513
Los-Angeles,11/30/2013,1,308340
Los-Angeles,12/31/2013,1,311110
Los-Angeles,1/31/2014,1,314143
Los-Angeles,2/28/2014,1,315229
Los-Angeles,3/31/2014,1,316143
Los-Angeles,4/30/2014,1,316300
Los-Angeles,5/31/2014,1,317058
Los-Angeles,6/30/2014,1,317553
Los-Angeles,7/31/2014,1,318814
Los-Angeles,8/31/2014,1,318487
Los-Angeles,9/30/2014,1,318611
Los-Angeles,10/31/2014,1,318850
Los-Angeles,11/30/2014,1,320923
Los-Angeles,12/31/2014,1,322927
Los-Angeles,1/31/2015,1,325591
Los-Angeles,2/28/2015,1,328348
Los-Angeles,3/31/2015,1,331288
Los-Angeles,4/30/2015,1,333100
Los-Angeles,5/31/2015,1,335196
Los-Angeles,6/30/2015,1,337189
Los-Angeles,7/31/2015,1,338911
Los-Angeles,8/31/2015,1,340923
Los-Angeles,9/30/2015,1,343009
Los-Angeles,10/31/2015,1,345676
Los-Angeles,11/30/2015,1,347526
Los-Angeles,12/31/2015,1,350616
Los-Angeles,1/31/2016,1,352415
Los-Angeles,2/29/2016,1,354927
Los-Angeles,3/31/2016,1,356333
Los-Angeles,4/30/2016,1,359251
Los-Angeles,5/31/2016,1,361511
Los-Angeles,6/30/2016,1,363791
Los-Angeles,7/31/2016,1,366024
Los-Angeles,8/31/2016,1,368949
Los-Angeles,9/30/2016,1,372215
Los-Angeles,10/31/2016,1,375167
Los-Angeles,11/30/2016,1,377356
Los-Angeles,12/31/2016,1,378662
Los-Angeles,1/31/2017,1,381205
Los-Angeles,2/28/2017,1,383216
Los-Angeles,3/31/2017,1,385729
Los-Angeles,4/30/2017,1,387197
Los-Angeles,5/31/2017,1,389877
Los-Angeles,6/30/2017,1,392665
Los-Angeles,7/31/2017,1,395575
Los-Angeles,8/31/2017,1,398039
Los-Angeles,9/30/2017,1,400476
Los-Angeles,10/31/2017,1,403003
Los-Angeles,11/30/2017,1,406937
Los-Angeles,12/31/2017,1,410932
Los-Angeles,1/31/2018,1,414194
Los-Angeles,2/28/2018,1,417292
Los-Angeles,3/31/2018,1,420761
Los-Angeles,4/30/2018,1,424577
Los-Angeles,5/31/2018,1,427794
Los-Angeles,6/30/2018,1,430782
Los-Angeles,7/31/2018,1,432573
Los-Angeles,8/31/2018,1,433351
Los-Angeles,9/30/2018,1,433267
Los-Angeles,10/31/2018,1,433793
Los-Angeles,11/30/2018,1,433991
Los-Angeles,12/31/2018,1,433270
Los-Angeles,1/31/2019,1,432436
Los-Angeles,2/28/2019,1,430587
Los-Angeles,3/31/2019,1,429065
Los-Angeles,4/30/2019,1,428522
Los-Angeles,5/31/2019,1,430554
Los-Angeles,6/30/2019,1,433172
Los-Angeles,7/31/2019,1,433907
Los-Angeles,8/31/2019,1,433678
Los-Angeles,9/30/2019,1,434167
Los-Angeles,10/31/2019,1,435577
Los-Angeles,11/30/2019,1,436401
Los-Angeles,12/31/2019,1,437584
Los-Angeles,1/31/2020,1,439588
Los-Angeles,2/29/2020,1,442656
Los-Angeles,3/31/2020,1,445408
Los-Angeles,4/30/2020,1,447605
Los-Angeles,5/31/2020,1,448072
Los-Angeles,6/30/2020,1,448387
Los-Angeles,7/31/2020,1,450949
Los-Angeles,8/31/2020,1,455102
Los-Angeles,9/30/2020,1,459371
Los-Angeles,10/31/2020,1,462895
Los-Angeles,1/31/1996,4,222498
Los-Angeles,2/29/1996,4,223005
Los-Angeles,3/31/1996,4,223056
Los-Angeles,4/30/1996,4,223266
Los-Angeles,5/31/1996,4,223249
Los-Angeles,6/30/1996,4,223313
Los-Angeles,7/31/1996,4,223500
Los-Angeles,8/31/1996,4,223536
Los-Angeles,9/30/1996,4,223538
Los-Angeles,10/31/1996,4,223632
Los-Angeles,11/30/1996,4,223763
Los-Angeles,12/31/1996,4,224173
Los-Angeles,1/31/1997,4,224143
Los-Angeles,2/28/1997,4,223695
Los-Angeles,3/31/1997,4,223590
Los-Angeles,4/30/1997,4,224090
Los-Angeles,5/31/1997,4,225115
Los-Angeles,6/30/1997,4,226036
Los-Angeles,7/31/1997,4,227023
Los-Angeles,8/31/1997,4,228285
Los-Angeles,9/30/1997,4,229735
Los-Angeles,10/31/1997,4,231066
Los-Angeles,11/30/1997,4,232448
Los-Angeles,12/31/1997,4,233796
Los-Angeles,1/31/1998,4,235912
Los-Angeles,2/28/1998,4,238531
Los-Angeles,3/31/1998,4,241012
Los-Angeles,4/30/1998,4,242994
Los-Angeles,5/31/1998,4,244839
Los-Angeles,6/30/1998,4,246734
Los-Angeles,7/31/1998,4,248471
Los-Angeles,8/31/1998,4,250661
Los-Angeles,9/30/1998,4,253039
Los-Angeles,10/31/1998,4,255598
Los-Angeles,11/30/1998,4,257981
Los-Angeles,12/31/1998,4,259960
Los-Angeles,1/31/1999,4,262162
Los-Angeles,2/28/1999,4,264100
Los-Angeles,3/31/1999,4,266256
Los-Angeles,4/30/1999,4,268164
Los-Angeles,5/31/1999,4,270045
Los-Angeles,6/30/1999,4,272459
Los-Angeles,7/31/1999,4,274933
Los-Angeles,8/31/1999,4,276613
Los-Angeles,9/30/1999,4,277940
Los-Angeles,10/31/1999,4,279529
Los-Angeles,11/30/1999,4,281895
Los-Angeles,12/31/1999,4,284441
Los-Angeles,1/31/2000,4,286536
Los-Angeles,2/29/2000,4,288702
Los-Angeles,3/31/2000,4,290995
Los-Angeles,4/30/2000,4,293761
Los-Angeles,5/31/2000,4,296531
Los-Angeles,6/30/2000,4,299192
Los-Angeles,7/31/2000,4,301794
Los-Angeles,8/31/2000,4,304650
Los-Angeles,9/30/2000,4,307483
Los-Angeles,10/31/2000,4,310274
Los-Angeles,11/30/2000,4,312861
Los-Angeles,12/31/2000,4,315623
Los-Angeles,1/31/2001,4,318296
Los-Angeles,2/28/2001,4,321168
Los-Angeles,3/31/2001,4,323891
Los-Angeles,4/30/2001,4,326895
Los-Angeles,5/31/2001,4,329604
Los-Angeles,6/30/2001,4,332142
Los-Angeles,7/31/2001,4,334392
Los-Angeles,8/31/2001,4,336809
Los-Angeles,9/30/2001,4,339526
Los-Angeles,10/31/2001,4,342556
Los-Angeles,11/30/2001,4,345390
Los-Angeles,12/31/2001,4,348442
Los-Angeles,1/31/2002,4,351629
Los-Angeles,2/28/2002,4,355199
Los-Angeles,3/31/2002,4,358962
Los-Angeles,4/30/2002,4,362987
Los-Angeles,5/31/2002,4,367120
Los-Angeles,6/30/2002,4,372061
Los-Angeles,7/31/2002,4,377777
Los-Angeles,8/31/2002,4,383829
Los-Angeles,9/30/2002,4,389633
Los-Angeles,10/31/2002,4,395482
Los-Angeles,11/30/2002,4,401907
Los-Angeles,12/31/2002,4,408405
Los-Angeles,1/31/2003,4,414274
Los-Angeles,2/28/2003,4,419482
Los-Angeles,3/31/2003,4,424541
Los-Angeles,4/30/2003,4,429659
Los-Angeles,5/31/2003,4,435187
Los-Angeles,6/30/2003,4,439905
Los-Angeles,7/31/2003,4,445840
Los-Angeles,8/31/2003,4,452733
Los-Angeles,9/30/2003,4,460996
Los-Angeles,10/31/2003,4,468602
Los-Angeles,11/30/2003,4,477235
Los-Angeles,12/31/2003,4,485464
Los-Angeles,1/31/2004,4,495293
Los-Angeles,2/29/2004,4,505578
Los-Angeles,3/31/2004,4,516814
Los-Angeles,4/30/2004,4,528725
Los-Angeles,5/31/2004,4,542021
Los-Angeles,6/30/2004,4,556073
Los-Angeles,7/31/2004,4,568017
Los-Angeles,8/31/2004,4,577607
Los-Angeles,9/30/2004,4,586251
Los-Angeles,10/31/2004,4,595205
Los-Angeles,11/30/2004,4,602797
Los-Angeles,12/31/2004,4,610793
Los-Angeles,1/31/2005,4,618362
Los-Angeles,2/28/2005,4,626902
Los-Angeles,3/31/2005,4,635712
Los-Angeles,4/30/2005,4,644038
Los-Angeles,5/31/2005,4,651230
Los-Angeles,6/30/2005,4,657658
Los-Angeles,7/31/2005,4,666649
Los-Angeles,8/31/2005,4,676356
Los-Angeles,9/30/2005,4,687301
Los-Angeles,10/31/2005,4,696944
Los-Angeles,11/30/2005,4,704876
Los-Angeles,12/31/2005,4,712622
Los-Angeles,1/31/2006,4,718673
Los-Angeles,2/28/2006,4,724323
Los-Angeles,3/31/2006,4,728403
Los-Angeles,4/30/2006,4,732489
Los-Angeles,5/31/2006,4,736694
Los-Angeles,6/30/2006,4,739678
Los-Angeles,7/31/2006,4,740057
Los-Angeles,8/31/2006,4,740891
Los-Angeles,9/30/2006,4,738764
Los-Angeles,10/31/2006,4,738083
Los-Angeles,11/30/2006,4,736032
Los-Angeles,12/31/2006,4,735205
Los-Angeles,1/31/2007,4,734479
Los-Angeles,2/28/2007,4,733417
Los-Angeles,3/31/2007,4,731427
Los-Angeles,4/30/2007,4,729023
Los-Angeles,5/31/2007,4,724923
Los-Angeles,6/30/2007,4,721154
Los-Angeles,7/31/2007,4,714435
Los-Angeles,8/31/2007,4,706154
Los-Angeles,9/30/2007,4,695548
Los-Angeles,10/31/2007,4,685567
Los-Angeles,11/30/2007,4,678449
Los-Angeles,12/31/2007,4,670304
Los-Angeles,1/31/2008,4,661551
Los-Angeles,2/29/2008,4,648806
Los-Angeles,3/31/2008,4,636674
Los-Angeles,4/30/2008,4,621882
Los-Angeles,5/31/2008,4,607758
Los-Angeles,6/30/2008,4,595087
Los-Angeles,7/31/2008,4,585166
Los-Angeles,8/31/2008,4,576828
Los-Angeles,9/30/2008,4,571069
Los-Angeles,10/31/2008,4,563948
Los-Angeles,11/30/2008,4,554468
Los-Angeles,12/31/2008,4,542486
Los-Angeles,1/31/2009,4,533761
Los-Angeles,2/28/2009,4,529988
Los-Angeles,3/31/2009,4,526645
Los-Angeles,4/30/2009,4,523635
Los-Angeles,5/31/2009,4,521138
Los-Angeles,6/30/2009,4,519469
Los-Angeles,7/31/2009,4,519331
Los-Angeles,8/31/2009,4,519763
Los-Angeles,9/30/2009,4,521068
Los-Angeles,10/31/2009,4,522976
Los-Angeles,11/30/2009,4,526896
Los-Angeles,12/31/2009,4,531999
Los-Angeles,1/31/2010,4,533837
Los-Angeles,2/28/2010,4,532598
Los-Angeles,3/31/2010,4,532550
Los-Angeles,4/30/2010,4,535464
Los-Angeles,5/31/2010,4,539767
Los-Angeles,6/30/2010,4,539277
Los-Angeles,7/31/2010,4,536196
Los-Angeles,8/31/2010,4,532053
Los-Angeles,9/30/2010,4,528828
Los-Angeles,10/31/2010,4,525539
Los-Angeles,11/30/2010,4,520848
Los-Angeles,12/31/2010,4,517604
Los-Angeles,1/31/2011,4,516163
Los-Angeles,2/28/2011,4,515776
Los-Angeles,3/31/2011,4,513694
Los-Angeles,4/30/2011,4,510208
Los-Angeles,5/31/2011,4,504217
Los-Angeles,6/30/2011,4,502340
Los-Angeles,7/31/2011,4,501249
Los-Angeles,8/31/2011,4,500363
Los-Angeles,9/30/2011,4,497344
Los-Angeles,10/31/2011,4,494559
Los-Angeles,11/30/2011,4,494142
Los-Angeles,12/31/2011,4,493370
Los-Angeles,1/31/2012,4,491782
Los-Angeles,2/29/2012,4,489796
Los-Angeles,3/31/2012,4,488986
Los-Angeles,4/30/2012,4,489202
Los-Angeles,5/31/2012,4,491509
Los-Angeles,6/30/2012,4,493598
Los-Angeles,7/31/2012,4,497162
Los-Angeles,8/31/2012,4,500824
Los-Angeles,9/30/2012,4,505561
Los-Angeles,10/31/2012,4,511492
Los-Angeles,11/30/2012,4,516358
Los-Angeles,12/31/2012,4,522611
Los-Angeles,1/31/2013,4,529370
Los-Angeles,2/28/2013,4,539540
Los-Angeles,3/31/2013,4,550525
Los-Angeles,4/30/2013,4,562224
Los-Angeles,5/31/2013,4,572543
Los-Angeles,6/30/2013,4,582416
Los-Angeles,7/31/2013,4,590789
Los-Angeles,8/31/2013,4,600257
Los-Angeles,9/30/2013,4,608744
Los-Angeles,10/31/2013,4,615245
Los-Angeles,11/30/2013,4,621235
Los-Angeles,12/31/2013,4,625703
Los-Angeles,1/31/2014,4,630494
Los-Angeles,2/28/2014,4,631318
Los-Angeles,3/31/2014,4,631033
Los-Angeles,4/30/2014,4,629964
Los-Angeles,5/31/2014,4,629817
Los-Angeles,6/30/2014,4,630047
Los-Angeles,7/31/2014,4,631243
Los-Angeles,8/31/2014,4,630894
Los-Angeles,9/30/2014,4,631560
Los-Angeles,10/31/2014,4,632517
Los-Angeles,11/30/2014,4,635668
Los-Angeles,12/31/2014,4,638130
Los-Angeles,1/31/2015,4,641532
Los-Angeles,2/28/2015,4,645825
Los-Angeles,3/31/2015,4,650509
Los-Angeles,4/30/2015,4,653472
Los-Angeles,5/31/2015,4,656082
Los-Angeles,6/30/2015,4,658832
Los-Angeles,7/31/2015,4,661848
Los-Angeles,8/31/2015,4,665339
Los-Angeles,9/30/2015,4,668918
Los-Angeles,10/31/2015,4,672952
Los-Angeles,11/30/2015,4,675351
Los-Angeles,12/31/2015,4,680155
Los-Angeles,1/31/2016,4,682401
Los-Angeles,2/29/2016,4,685654
Los-Angeles,3/31/2016,4,687079
Los-Angeles,4/30/2016,4,690808
Los-Angeles,5/31/2016,4,694495
Los-Angeles,6/30/2016,4,697412
Los-Angeles,7/31/2016,4,700382
Los-Angeles,8/31/2016,4,703996
Los-Angeles,9/30/2016,4,707522
Los-Angeles,10/31/2016,4,710771
Los-Angeles,11/30/2016,4,713488
Los-Angeles,12/31/2016,4,715098
Los-Angeles,1/31/2017,4,719208
Los-Angeles,2/28/2017,4,721912
Los-Angeles,3/31/2017,4,726076
Los-Angeles,4/30/2017,4,728298
Los-Angeles,5/31/2017,4,731990
Los-Angeles,6/30/2017,4,735843
Los-Angeles,7/31/2017,4,739223
Los-Angeles,8/31/2017,4,741933
Los-Angeles,9/30/2017,4,744945
Los-Angeles,10/31/2017,4,748092
Los-Angeles,11/30/2017,4,753483
Los-Angeles,12/31/2017,4,758921
Los-Angeles,1/31/2018,4,763198
Los-Angeles,2/28/2018,4,767292
Los-Angeles,3/31/2018,4,770983
Los-Angeles,4/30/2018,4,775551
Los-Angeles,5/31/2018,4,779091
Los-Angeles,6/30/2018,4,783025
Los-Angeles,7/31/2018,4,784542
Los-Angeles,8/31/2018,4,784295
Los-Angeles,1/31/1996,2,150756
Los-Angeles,2/29/1996,2,150842
Los-Angeles,3/31/1996,2,150776
Los-Angeles,4/30/1996,2,150706
Los-Angeles,5/31/1996,2,150577
Los-Angeles,6/30/1996,2,150479
Los-Angeles,7/31/1996,2,150453
Los-Angeles,8/31/1996,2,150273
Los-Angeles,9/30/1996,2,150065
Los-Angeles,10/31/1996,2,149816
Los-Angeles,11/30/1996,2,149648
Los-Angeles,12/31/1996,2,149535
Los-Angeles,1/31/1997,2,149049
Los-Angeles,2/28/1997,2,148424
Los-Angeles,3/31/1997,2,148007
Los-Angeles,4/30/1997,2,148046
Los-Angeles,5/31/1997,2,148269
Los-Angeles,6/30/1997,2,148510
Los-Angeles,7/31/1997,2,148868
Los-Angeles,8/31/1997,2,149506
Los-Angeles,9/30/1997,2,150161
Los-Angeles,10/31/1997,2,150840
Los-Angeles,11/30/1997,2,151418
Los-Angeles,12/31/1997,2,152202
Los-Angeles,1/31/1998,2,153519
Los-Angeles,2/28/1998,2,155141
Los-Angeles,3/31/1998,2,156614
Los-Angeles,4/30/1998,2,157618
Los-Angeles,5/31/1998,2,158558
Los-Angeles,6/30/1998,2,159373
Los-Angeles,7/31/1998,2,159924
Los-Angeles,8/31/1998,2,160730
Los-Angeles,9/30/1998,2,161892
Los-Angeles,10/31/1998,2,163276
Los-Angeles,11/30/1998,2,164648
Los-Angeles,12/31/1998,2,165689
Los-Angeles,1/31/1999,2,166954
Los-Angeles,2/28/1999,2,168078
Los-Angeles,3/31/1999,2,169314
Los-Angeles,4/30/1999,2,170417
Los-Angeles,5/31/1999,2,171517
Los-Angeles,6/30/1999,2,173089
Los-Angeles,7/31/1999,2,174834
Los-Angeles,8/31/1999,2,176020
Los-Angeles,9/30/1999,2,176879
Los-Angeles,10/31/1999,2,177814
Los-Angeles,11/30/1999,2,179243
Los-Angeles,12/31/1999,2,180725
Los-Angeles,1/31/2000,2,182036
Los-Angeles,2/29/2000,2,183300
Los-Angeles,3/31/2000,2,184762
Los-Angeles,4/30/2000,2,186408
Los-Angeles,5/31/2000,2,188201
Los-Angeles,6/30/2000,2,189833
Los-Angeles,7/31/2000,2,191456
Los-Angeles,8/31/2000,2,193265
Los-Angeles,9/30/2000,2,195118
Los-Angeles,10/31/2000,2,196857
Los-Angeles,11/30/2000,2,198523
Los-Angeles,12/31/2000,2,200321
Los-Angeles,1/31/2001,2,202037
Los-Angeles,2/28/2001,2,203863
Los-Angeles,3/31/2001,2,205624
Los-Angeles,4/30/2001,2,207719
Los-Angeles,5/31/2001,2,209629
Los-Angeles,6/30/2001,2,211606
Los-Angeles,7/31/2001,2,213322
Los-Angeles,8/31/2001,2,215200
Los-Angeles,9/30/2001,2,217121
Los-Angeles,10/31/2001,2,219384
Los-Angeles,11/30/2001,2,221521
Los-Angeles,12/31/2001,2,223814
Los-Angeles,1/31/2002,2,226172
Los-Angeles,2/28/2002,2,228812
Los-Angeles,3/31/2002,2,231583
Los-Angeles,4/30/2002,2,234509
Los-Angeles,5/31/2002,2,237400
Los-Angeles,6/30/2002,2,240712
Los-Angeles,7/31/2002,2,244528
Los-Angeles,8/31/2002,2,248611
Los-Angeles,9/30/2002,2,252620
Los-Angeles,10/31/2002,2,256725
Los-Angeles,11/30/2002,2,261172
Los-Angeles,12/31/2002,2,265650
Los-Angeles,1/31/2003,2,269696
Los-Angeles,2/28/2003,2,273372
Los-Angeles,3/31/2003,2,277150
Los-Angeles,4/30/2003,2,280793
Los-Angeles,5/31/2003,2,284843
Los-Angeles,6/30/2003,2,288317
Los-Angeles,7/31/2003,2,292782
Los-Angeles,8/31/2003,2,297660
Los-Angeles,9/30/2003,2,303179
Los-Angeles,10/31/2003,2,308035
Los-Angeles,11/30/2003,2,313695
Los-Angeles,12/31/2003,2,319493
Los-Angeles,1/31/2004,2,326495
Los-Angeles,2/29/2004,2,333515
Los-Angeles,3/31/2004,2,340963
Los-Angeles,4/30/2004,2,349120
Los-Angeles,5/31/2004,2,358359
Los-Angeles,6/30/2004,2,367849
Los-Angeles,7/31/2004,2,375945
Los-Angeles,8/31/2004,2,382803
Los-Angeles,9/30/2004,2,389903
Los-Angeles,10/31/2004,2,397120
Los-Angeles,11/30/2004,2,403256
Los-Angeles,12/31/2004,2,409198
Los-Angeles,1/31/2005,2,414622
Los-Angeles,2/28/2005,2,421423
Los-Angeles,3/31/2005,2,428004
Los-Angeles,4/30/2005,2,434459
Los-Angeles,5/31/2005,2,439477
Los-Angeles,6/30/2005,2,444828
Los-Angeles,7/31/2005,2,451570
Los-Angeles,8/31/2005,2,459020
Los-Angeles,9/30/2005,2,466837
Los-Angeles,10/31/2005,2,474514
Los-Angeles,11/30/2005,2,480799
Los-Angeles,12/31/2005,2,486601
Los-Angeles,1/31/2006,2,491606
Los-Angeles,2/28/2006,2,495939
Los-Angeles,3/31/2006,2,500031
Los-Angeles,4/30/2006,2,503332
Los-Angeles,5/31/2006,2,507549
Los-Angeles,6/30/2006,2,510557
Los-Angeles,7/31/2006,2,512232
Los-Angeles,8/31/2006,2,513582
Los-Angeles,9/30/2006,2,512493
Los-Angeles,10/31/2006,2,512111
Los-Angeles,11/30/2006,2,511447
Los-Angeles,12/31/2006,2,511976
Los-Angeles,1/31/2007,2,511463
Los-Angeles,2/28/2007,2,510397
Los-Angeles,3/31/2007,2,508975
Los-Angeles,4/30/2007,2,508523
Los-Angeles,5/31/2007,2,506920
Los-Angeles,6/30/2007,2,505255
Los-Angeles,7/31/2007,2,501811
Los-Angeles,8/31/2007,2,497133
Los-Angeles,9/30/2007,2,490918
Los-Angeles,10/31/2007,2,483972
Los-Angeles,11/30/2007,2,478465
Los-Angeles,12/31/2007,2,472495
Los-Angeles,1/31/2008,2,466556
Los-Angeles,2/29/2008,2,458118
Los-Angeles,3/31/2008,2,448147
Los-Angeles,4/30/2008,2,436109
Los-Angeles,5/31/2008,2,423751
Los-Angeles,6/30/2008,2,413545
Los-Angeles,7/31/2008,2,404111
Los-Angeles,8/31/2008,2,395481
Los-Angeles,9/30/2008,2,388319
Los-Angeles,10/31/2008,2,381235
Los-Angeles,11/30/2008,2,373299
Los-Angeles,12/31/2008,2,362815
Los-Angeles,1/31/2009,2,355213
Los-Angeles,2/28/2009,2,350705
Los-Angeles,3/31/2009,2,347569
Los-Angeles,4/30/2009,2,343750
Los-Angeles,5/31/2009,2,340141
Los-Angeles,6/30/2009,2,336162
Los-Angeles,7/31/2009,2,333652
Los-Angeles,8/31/2009,2,332751
Los-Angeles,9/30/2009,2,333238
Los-Angeles,10/31/2009,2,333991
Los-Angeles,11/30/2009,2,335162
Los-Angeles,12/31/2009,2,337740
Los-Angeles,1/31/2010,2,337756
Los-Angeles,2/28/2010,2,335846
Los-Angeles,3/31/2010,2,334963
Los-Angeles,4/30/2010,2,336202
Los-Angeles,5/31/2010,2,339192
Los-Angeles,6/30/2010,2,338596
Los-Angeles,7/31/2010,2,336976
Los-Angeles,8/31/2010,2,334038
Los-Angeles,9/30/2010,2,331326
Los-Angeles,10/31/2010,2,328485
Los-Angeles,11/30/2010,2,324844
Los-Angeles,12/31/2010,2,322632
Los-Angeles,1/31/2011,2,321425
Los-Angeles,2/28/2011,2,321041
Los-Angeles,3/31/2011,2,319176
Los-Angeles,4/30/2011,2,316786
Los-Angeles,5/31/2011,2,312500
Los-Angeles,6/30/2011,2,311398
Los-Angeles,7/31/2011,2,310336
Los-Angeles,8/31/2011,2,309380
Los-Angeles,9/30/2011,2,307067
Los-Angeles,10/31/2011,2,304738
Los-Angeles,11/30/2011,2,304325
Los-Angeles,12/31/2011,2,303153
Los-Angeles,1/31/2012,2,302072
Los-Angeles,2/29/2012,2,300623
Los-Angeles,3/31/2012,2,299897
Los-Angeles,4/30/2012,2,299639
Los-Angeles,5/31/2012,2,300643
Los-Angeles,6/30/2012,2,301772
Los-Angeles,7/31/2012,2,303758
Los-Angeles,8/31/2012,2,305642
Los-Angeles,9/30/2012,2,308420
Los-Angeles,10/31/2012,2,312371
Los-Angeles,11/30/2012,2,315973
Los-Angeles,12/31/2012,2,320799
Los-Angeles,1/31/2013,2,325335
Los-Angeles,2/28/2013,2,332277
Los-Angeles,3/31/2013,2,339586
Los-Angeles,4/30/2013,2,347784
Los-Angeles,5/31/2013,2,354968
Los-Angeles,6/30/2013,2,362172
Los-Angeles,7/31/2013,2,368733
Los-Angeles,8/31/2013,2,376705
Los-Angeles,9/30/2013,2,383692
Los-Angeles,10/31/2013,2,389109
Los-Angeles,11/30/2013,2,393404
Los-Angeles,12/31/2013,2,396322
Los-Angeles,1/31/2014,2,399622
Los-Angeles,2/28/2014,2,400305
Los-Angeles,3/31/2014,2,400990
Los-Angeles,4/30/2014,2,400990
Los-Angeles,5/31/2014,2,401863
Los-Angeles,6/30/2014,2,402490
Los-Angeles,7/31/2014,2,403980
Los-Angeles,8/31/2014,2,403538
Los-Angeles,9/30/2014,2,403686
Los-Angeles,10/31/2014,2,403879
Los-Angeles,11/30/2014,2,406213
Los-Angeles,12/31/2014,2,408469
Los-Angeles,1/31/2015,2,411599
Los-Angeles,2/28/2015,2,415096
Los-Angeles,3/31/2015,2,418609
Los-Angeles,4/30/2015,2,420487
Los-Angeles,5/31/2015,2,422648
Los-Angeles,6/30/2015,2,424755
Los-Angeles,7/31/2015,2,426854
Los-Angeles,8/31/2015,2,429522
Los-Angeles,9/30/2015,2,432379
Los-Angeles,10/31/2015,2,435934
Los-Angeles,11/30/2015,2,438406
Los-Angeles,12/31/2015,2,442290
Los-Angeles,1/31/2016,2,444518
Los-Angeles,2/29/2016,2,447455
Los-Angeles,3/31/2016,2,449225
Los-Angeles,4/30/2016,2,452897
Los-Angeles,5/31/2016,2,455823
Los-Angeles,6/30/2016,2,458638
Los-Angeles,7/31/2016,2,460966
Los-Angeles,8/31/2016,2,464119
Los-Angeles,9/30/2016,2,467664
Los-Angeles,10/31/2016,2,471198
Los-Angeles,11/30/2016,2,473737
Los-Angeles,12/31/2016,2,475528
Los-Angeles,1/31/2017,2,478694
Los-Angeles,2/28/2017,2,481209
Los-Angeles,3/31/2017,2,484432
Los-Angeles,4/30/2017,2,486642
Los-Angeles,5/31/2017,2,490143
Los-Angeles,6/30/2017,2,493580
Los-Angeles,7/31/2017,2,496999
Los-Angeles,8/31/2017,2,499972
Los-Angeles,9/30/2017,2,502859
Los-Angeles,10/31/2017,2,505666
Los-Angeles,11/30/2017,2,510226
Los-Angeles,12/31/2017,2,514663
Los-Angeles,1/31/2018,2,518553
Los-Angeles,2/28/2018,2,522338
Los-Angeles,3/31/2018,2,526319
Los-Angeles,4/30/2018,2,530393
Los-Angeles,5/31/2018,2,533850
Los-Angeles,6/30/2018,2,537397
Los-Angeles,7/31/2018,2,539868
Los-Angeles,8/31/2018,2,540800
Los-Angeles,9/30/2018,2,540647
Los-Angeles,10/31/2018,2,541248
Los-Angeles,11/30/2018,2,541736
Los-Angeles,12/31/2018,2,541312
Los-Angeles,1/31/2019,2,540379
Los-Angeles,2/28/2019,2,538010
Los-Angeles,3/31/2019,2,535741
Los-Angeles,4/30/2019,2,535250
Los-Angeles,5/31/2019,2,538157
Los-Angeles,6/30/2019,2,541802
Los-Angeles,7/31/2019,2,543016
Los-Angeles,8/31/2019,2,542774
Los-Angeles,9/30/2019,2,543386
Los-Angeles,10/31/2019,2,545196
Los-Angeles,11/30/2019,2,546512
Los-Angeles,12/31/2019,2,548426
Los-Angeles,1/31/2020,2,551251
Los-Angeles,2/29/2020,2,555558
Los-Angeles,3/31/2020,2,559890
Los-Angeles,4/30/2020,2,563270
Los-Angeles,5/31/2020,2,564384
Los-Angeles,6/30/2020,2,565237
Los-Angeles,7/31/2020,2,568915
Los-Angeles,8/31/2020,2,574997
Los-Angeles,9/30/2020,2,581384
Los-Angeles,10/31/2020,2,586926
Los-Angeles,1/31/1996,3,178027
Los-Angeles,2/29/1996,3,178246
Los-Angeles,3/31/1996,3,178264
Los-Angeles,4/30/1996,3,178366
Los-Angeles,5/31/1996,3,178349
Los-Angeles,6/30/1996,3,178387
Los-Angeles,7/31/1996,3,178502
Los-Angeles,8/31/1996,3,178480
Los-Angeles,9/30/1996,3,178391
Los-Angeles,10/31/1996,3,178299
Los-Angeles,11/30/1996,3,178275
Los-Angeles,12/31/1996,3,178381
Los-Angeles,1/31/1997,3,178015
Los-Angeles,2/28/1997,3,177444
Los-Angeles,3/31/1997,3,177088
Los-Angeles,4/30/1997,3,177273
Los-Angeles,5/31/1997,3,177754
Los-Angeles,6/30/1997,3,178179
Los-Angeles,7/31/1997,3,178731
Los-Angeles,8/31/1997,3,179536
Los-Angeles,9/30/1997,3,180442
Los-Angeles,10/31/1997,3,181339
Los-Angeles,11/30/1997,3,182158
Los-Angeles,12/31/1997,3,183091
Los-Angeles,1/31/1998,3,184683
Los-Angeles,2/28/1998,3,186673
Los-Angeles,3/31/1998,3,188524
Los-Angeles,4/30/1998,3,189830
Los-Angeles,5/31/1998,3,191020
Los-Angeles,6/30/1998,3,192140
Los-Angeles,7/31/1998,3,192982
Los-Angeles,8/31/1998,3,194133
Los-Angeles,9/30/1998,3,195627
Los-Angeles,10/31/1998,3,197300
Los-Angeles,11/30/1998,3,198946
Los-Angeles,12/31/1998,3,200262
Los-Angeles,1/31/1999,3,201902
Los-Angeles,2/28/1999,3,203333
Los-Angeles,3/31/1999,3,204866
Los-Angeles,4/30/1999,3,206218
Los-Angeles,5/31/1999,3,207593
Los-Angeles,6/30/1999,3,209511
Los-Angeles,7/31/1999,3,211598
Los-Angeles,8/31/1999,3,213057
Los-Angeles,9/30/1999,3,214148
Los-Angeles,10/31/1999,3,215403
Los-Angeles,11/30/1999,3,217219
Los-Angeles,12/31/1999,3,219083
Los-Angeles,1/31/2000,3,220653
Los-Angeles,2/29/2000,3,222205
Los-Angeles,3/31/2000,3,224033
Los-Angeles,4/30/2000,3,226129
Los-Angeles,5/31/2000,3,228352
Los-Angeles,6/30/2000,3,230397
Los-Angeles,7/31/2000,3,232410
Los-Angeles,8/31/2000,3,234627
Los-Angeles,9/30/2000,3,236856
Los-Angeles,10/31/2000,3,238972
Los-Angeles,11/30/2000,3,240982
Los-Angeles,12/31/2000,3,243136
Los-Angeles,1/31/2001,3,245181
Los-Angeles,2/28/2001,3,247358
Los-Angeles,3/31/2001,3,249403
Los-Angeles,4/30/2001,3,251780
Los-Angeles,5/31/2001,3,253909
Los-Angeles,6/30/2001,3,256050
Los-Angeles,7/31/2001,3,257915
Los-Angeles,8/31/2001,3,259962
Los-Angeles,9/30/2001,3,262125
Los-Angeles,10/31/2001,3,264679
Los-Angeles,11/30/2001,3,267060
Los-Angeles,12/31/2001,3,269646
Los-Angeles,1/31/2002,3,272288
Los-Angeles,2/28/2002,3,275299
Los-Angeles,3/31/2002,3,278472
Los-Angeles,4/30/2002,3,281853
Los-Angeles,5/31/2002,3,285264
Los-Angeles,6/30/2002,3,289213
Los-Angeles,7/31/2002,3,293789
Los-Angeles,8/31/2002,3,298623
Los-Angeles,9/30/2002,3,303343
Los-Angeles,10/31/2002,3,308093
Los-Angeles,11/30/2002,3,313323
Los-Angeles,12/31/2002,3,318559
Los-Angeles,1/31/2003,3,323364
Los-Angeles,2/28/2003,3,327672
Los-Angeles,3/31/2003,3,332072
Los-Angeles,4/30/2003,3,336362
Los-Angeles,5/31/2003,3,341046
Los-Angeles,6/30/2003,3,345067
Los-Angeles,7/31/2003,3,350157
Los-Angeles,8/31/2003,3,355842
Los-Angeles,9/30/2003,3,362374
Los-Angeles,10/31/2003,3,368257
Los-Angeles,11/30/2003,3,375022
Los-Angeles,12/31/2003,3,381880
Los-Angeles,1/31/2004,3,389997
Los-Angeles,2/29/2004,3,398219
Los-Angeles,3/31/2004,3,406897
Los-Angeles,4/30/2004,3,416342
Los-Angeles,5/31/2004,3,427000
Los-Angeles,6/30/2004,3,438056
Los-Angeles,7/31/2004,3,447497
Los-Angeles,8/31/2004,3,455453
Los-Angeles,9/30/2004,3,463403
Los-Angeles,10/31/2004,3,471531
Los-Angeles,11/30/2004,3,478381
Los-Angeles,12/31/2004,3,485147
Los-Angeles,1/31/2005,3,491478
Los-Angeles,2/28/2005,3,499217
Los-Angeles,3/31/2005,3,506902
Los-Angeles,4/30/2005,3,514414
Los-Angeles,5/31/2005,3,520575
Los-Angeles,6/30/2005,3,526845
Los-Angeles,7/31/2005,3,534909
Los-Angeles,8/31/2005,3,543606
Los-Angeles,9/30/2005,3,552930
Los-Angeles,10/31/2005,3,561725
Los-Angeles,11/30/2005,3,569073
Los-Angeles,12/31/2005,3,575975
Los-Angeles,1/31/2006,3,581754
Los-Angeles,2/28/2006,3,586830
Los-Angeles,3/31/2006,3,591320
Los-Angeles,4/30/2006,3,595212
Los-Angeles,5/31/2006,3,599836
Los-Angeles,6/30/2006,3,603079
Los-Angeles,7/31/2006,3,604496
Los-Angeles,8/31/2006,3,605762
Los-Angeles,9/30/2006,3,604269
Los-Angeles,10/31/2006,3,603647
Los-Angeles,11/30/2006,3,602296
Los-Angeles,12/31/2006,3,602131
Los-Angeles,1/31/2007,3,601327
Los-Angeles,2/28/2007,3,600048
Los-Angeles,3/31/2007,3,598203
Los-Angeles,4/30/2007,3,596822
Los-Angeles,5/31/2007,3,594021
Los-Angeles,6/30/2007,3,591449
Los-Angeles,7/31/2007,3,586661
Los-Angeles,8/31/2007,3,580558
Los-Angeles,9/30/2007,3,572541
Los-Angeles,10/31/2007,3,564173
Los-Angeles,11/30/2007,3,557607
Los-Angeles,12/31/2007,3,550417
Los-Angeles,1/31/2008,3,543077
Los-Angeles,2/29/2008,3,532654
Los-Angeles,3/31/2008,3,521204
Los-Angeles,4/30/2008,3,507182
Los-Angeles,5/31/2008,3,493133
Los-Angeles,6/30/2008,3,480661
Los-Angeles,7/31/2008,3,469709
Los-Angeles,8/31/2008,3,459954
Los-Angeles,9/30/2008,3,452450
Los-Angeles,10/31/2008,3,444902
Los-Angeles,11/30/2008,3,436064
Los-Angeles,12/31/2008,3,424873
Los-Angeles,1/31/2009,3,416487
Los-Angeles,2/28/2009,3,411995
Los-Angeles,3/31/2009,3,408727
Los-Angeles,4/30/2009,3,405608
Los-Angeles,5/31/2009,3,402903
Los-Angeles,6/30/2009,3,400537
Los-Angeles,7/31/2009,3,399602
Los-Angeles,8/31/2009,3,399838
Los-Angeles,9/30/2009,3,400822
Los-Angeles,10/31/2009,3,402130
Los-Angeles,11/30/2009,3,404699
Los-Angeles,12/31/2009,3,408633
Los-Angeles,1/31/2010,3,409957
Los-Angeles,2/28/2010,3,408754
Los-Angeles,3/31/2010,3,408745
Los-Angeles,4/30/2010,3,410863
Los-Angeles,5/31/2010,3,414569
Los-Angeles,6/30/2010,3,414138
Los-Angeles,7/31/2010,3,412222
Los-Angeles,8/31/2010,3,408975
Los-Angeles,9/30/2010,3,406533
Los-Angeles,10/31/2010,3,403829
Los-Angeles,11/30/2010,3,399994
Los-Angeles,12/31/2010,3,397355
Los-Angeles,1/31/2011,3,396035
Los-Angeles,2/28/2011,3,395696
Los-Angeles,3/31/2011,3,393685
Los-Angeles,4/30/2011,3,390823
Los-Angeles,5/31/2011,3,385868
Los-Angeles,6/30/2011,3,384503
Los-Angeles,7/31/2011,3,383476
Los-Angeles,8/31/2011,3,382579
Los-Angeles,9/30/2011,3,379903
Los-Angeles,10/31/2011,3,377338
Los-Angeles,11/30/2011,3,376984
Los-Angeles,12/31/2011,3,376108
Los-Angeles,1/31/2012,3,374962
Los-Angeles,2/29/2012,3,373417
Los-Angeles,3/31/2012,3,372681
Los-Angeles,4/30/2012,3,372659
Los-Angeles,5/31/2012,3,374151
Los-Angeles,6/30/2012,3,375670
Los-Angeles,7/31/2012,3,378169
Los-Angeles,8/31/2012,3,380866
Los-Angeles,9/30/2012,3,384601
Los-Angeles,10/31/2012,3,389490
Los-Angeles,11/30/2012,3,393417
Los-Angeles,12/31/2012,3,398619
Los-Angeles,1/31/2013,3,403645
Los-Angeles,2/28/2013,3,411543
Los-Angeles,3/31/2013,3,420074
Los-Angeles,4/30/2013,3,429647
Los-Angeles,5/31/2013,3,438006
Los-Angeles,6/30/2013,3,446152
Los-Angeles,7/31/2013,3,453252
Los-Angeles,8/31/2013,3,461453
Los-Angeles,9/30/2013,3,468655
Los-Angeles,10/31/2013,3,474224
Los-Angeles,11/30/2013,3,479160
Los-Angeles,12/31/2013,3,482622
Los-Angeles,1/31/2014,3,486754
Los-Angeles,2/28/2014,3,487659
Los-Angeles,3/31/2014,3,488153
Los-Angeles,4/30/2014,3,487640
Los-Angeles,5/31/2014,3,488106
Los-Angeles,6/30/2014,3,488528
Los-Angeles,7/31/2014,3,489970
Los-Angeles,8/31/2014,3,489876
Los-Angeles,9/30/2014,3,490478
Los-Angeles,10/31/2014,3,491258
Los-Angeles,11/30/2014,3,493954
Los-Angeles,12/31/2014,3,496402
Los-Angeles,1/31/2015,3,499601
Los-Angeles,2/28/2015,3,503399
Los-Angeles,3/31/2015,3,507404
Los-Angeles,4/30/2015,3,509625
Los-Angeles,5/31/2015,3,512021
Los-Angeles,6/30/2015,3,514475
Los-Angeles,7/31/2015,3,517201
Los-Angeles,8/31/2015,3,520237
Los-Angeles,9/30/2015,3,523403
Los-Angeles,10/31/2015,3,527086
Los-Angeles,11/30/2015,3,529723
Los-Angeles,12/31/2015,3,534182
Los-Angeles,1/31/2016,3,536680
Los-Angeles,2/29/2016,3,539928
Los-Angeles,3/31/2016,3,541773
Los-Angeles,4/30/2016,3,545850
Los-Angeles,5/31/2016,3,549373
Los-Angeles,6/30/2016,3,552541
Los-Angeles,7/31/2016,3,555231
Los-Angeles,8/31/2016,3,558767
Los-Angeles,9/30/2016,3,562592
Los-Angeles,10/31/2016,3,566330
Los-Angeles,11/30/2016,3,569067
Los-Angeles,12/31/2016,3,570861
Los-Angeles,1/31/2017,3,574401
Los-Angeles,2/28/2017,3,577097
Los-Angeles,3/31/2017,3,580662
Los-Angeles,4/30/2017,3,582944
Los-Angeles,5/31/2017,3,586643
Los-Angeles,6/30/2017,3,590378
Los-Angeles,7/31/2017,3,593882
Los-Angeles,8/31/2017,3,596752
Los-Angeles,9/30/2017,3,599600
Los-Angeles,10/31/2017,3,602437
Los-Angeles,11/30/2017,3,607227
Los-Angeles,12/31/2017,3,612022
Los-Angeles,1/31/2018,3,616047
Los-Angeles,2/28/2018,3,619976
Los-Angeles,3/31/2018,3,623860
Los-Angeles,4/30/2018,3,628054
Los-Angeles,5/31/2018,3,631315
Los-Angeles,6/30/2018,3,634734
Los-Angeles,7/31/2018,3,636788
Los-Angeles,8/31/2018,3,637195
Los-Angeles,9/30/2018,3,636407
Los-Angeles,10/31/2018,3,636735
Los-Angeles,11/30/2018,3,637151
Los-Angeles,12/31/2018,3,636511
Los-Angeles,1/31/2019,3,635344
Los-Angeles,2/28/2019,3,632592
Los-Angeles,3/31/2019,3,630130
Los-Angeles,4/30/2019,3,629529
Los-Angeles,5/31/2019,3,633014
Los-Angeles,6/30/2019,3,637481
Los-Angeles,7/31/2019,3,639600
Los-Angeles,8/31/2019,3,640067
Los-Angeles,9/30/2019,3,641334
Los-Angeles,10/31/2019,3,643454
Los-Angeles,11/30/2019,3,644909
Los-Angeles,12/31/2019,3,647104
Los-Angeles,1/31/2020,3,650608
Los-Angeles,2/29/2020,3,655864
Los-Angeles,3/31/2020,3,661245
Los-Angeles,4/30/2020,3,665709
Los-Angeles,5/31/2020,3,667648
Los-Angeles,6/30/2020,3,669247
Los-Angeles,7/31/2020,3,673978
Los-Angeles,8/31/2020,3,681554
Los-Angeles,9/30/2020,3,689721
Los-Angeles,10/31/2020,3,697339
